id	name	type	url	P4086	description
115861	Fei Meng Shaonü	Q21441764			[withdrawn identifier value]
391	Tales of Phantasia: The Animation	Q113687694	https://anilist.co/anime/391	391	テイルズ オブ ファンタジア THE ANIMATION. 2004 anime
580	Scorched Bread	Q63952888	https://anilist.co/anime/580	580	こげぱん. 2001 anime by Studio Pierrot. Directed by Hidekazu Ohara
779	Detective Conan: The Time-Bombed Skyscraper	Q20650540	https://anilist.co/anime/779	779	名探偵コナン 時計じかけの摩天楼. 1997 anime by Kyokuichi Tokyo Movie. Directed by Kenji Kodama
780	Detective Conan: The Fourteenth Target	Q20650540	https://anilist.co/anime/780	780	名探偵コナン １４番目の標的. 1998 anime by Kyokuichi Tokyo Movie. Directed by Kenji Kodama
781	Detective Conan: The Last Wizard of the Century	Q20650540	https://anilist.co/anime/781	781	名探偵コナン 世紀末の魔術師. 1999 anime by TMS Entertainment. Directed by Kenji Kodama
1139	Monkey Magic	Q63952888	https://anilist.co/anime/1139	1139	モンキーマジック. 1998 anime by Group TAC
1363	Detective Conan: Captured in Her Eyes	Q20650540	https://anilist.co/anime/1363	1363	名探偵コナン 瞳の中の暗殺者. 2000 anime by Tokyo Movie Shinsha. Directed by Kenji Kodama
1364	Detective Conan: Countdown to Heaven	Q20650540	https://anilist.co/anime/1364	1364	名探偵コナン 天国へのカウントダウン. 2001 anime by Tokyo Movie. Directed by Kenji Kodama
1365	Detective Conan: The Phantom of Baker Street	Q20650540	https://anilist.co/anime/1365	1365	名探偵コナン ベイカー街(ストリート)の亡霊. 2002 anime by TMS Entertainment. Directed by Kenji Kodama
1366	Detective Conan: Crossroad in the Ancient Capital	Q20650540	https://anilist.co/anime/1366	1366	名探偵コナン 迷宮の十字路(クロスロード). 2003 anime by TMS Entertainment. Directed by Kenji Kodama
1367	Detective Conan: Magician of the Silver Sky	Q20650540	https://anilist.co/anime/1367	1367	名探偵コナン 銀翼の奇術師[マジシャン]. 2004 anime by TMS Entertainment. Directed by Yasuichirou Yamamoto
1505	Detective Conan: Strategy Above the Depths	Q20650540	https://anilist.co/anime/1505	1505	名探偵コナン 水平線上の陰謀. 2005 anime by TMS Entertainment. Directed by Yasuichirou Yamamoto
1506	Detective Conan: The Private Eyes' Requiem	Q20650540	https://anilist.co/anime/1506	1506	名探偵コナン 探偵たちの鎮魂歌[レクイエム]. 2006 anime by TMS Entertainment. Directed by Yasuichirou Yamamoto
1742	Legend of the Dragon Kings	Q113687694	https://anilist.co/anime/1742	1742	創竜伝. 1991 anime by Kitty Film and Aubeck
1762	The Heroic Legend of Arslan: Age of Heroes	Q113687694	https://anilist.co/anime/1762	1762	アルスラーン戦記. 1991 anime by J.C.STAFF, Production I.G, Studio Pierrot, Daume and Aubeck. Directed by Mamoru Hamatsu
1833	HYPER-PSYCHIC-GEO GARAGA	Q20650540	https://anilist.co/anime/1833	1833	ギャラガ HYPER-PSYCHIC-GEO GARAGA. 1989 anime by Aubeck. Directed by Hidemi Kubo
2053	Capricorn	Q220898	https://anilist.co/anime/2053	2053	カプリコン. 1991 anime by Aubeck. Directed by Takashi Imanishi
2171	Detective Conan: Jolly Roger in the Deep Azure	Q20650540	https://anilist.co/anime/2171	2171	名探偵コナン 紺碧の棺 （ジョリー・ロジャー）. 2007 anime by TMS Entertainment. Directed by Yasuichirou Yamamoto
2326	Mail Order Maiden 28	Q220898	https://anilist.co/anime/2326	2326	南極28号. 1996 anime by Aubeck
2670	Doraemon: Nobita in Dorabian Nights	Q20650540	https://anilist.co/anime/2670	2670	ドラえもん のび太のドラビアンナイト. 1991 anime by Shin-Ei Animation. Directed by Tsutomu Shibayama
2690	Urban Square: Kohaku no Tsuigeki	Q220898	https://anilist.co/anime/2690	2690	アーバンスクウェア 琥珀の追撃. 1986 anime by Network Koenji Studio. Directed by Akira Nishimori
2810	Himitsu no Hanazono	Q63952888	https://anilist.co/anime/2810	2810	アニメ ひみつの花園. 1991 anime by Aubeck
2959	Rei Rei - Missionary of Love	Q113687694	https://anilist.co/anime/2959	2959	美しき性の伝道師 麗々. 1994 anime by Aubeck
3116	Dash! Yonkurou	Q63952888	https://anilist.co/anime/3116	3116	ダッシュ！四駆郎. 1989 anime by Aubeck. Directed by Hiroshi Sasagawa
4447	Detective Conan: Full Score of Fear	Q20650540	https://anilist.co/anime/4447	4447	名探偵コナン 戦慄の楽譜（フルスコア）. 2008 anime by TMS Entertainment. Directed by Yasuichirou Yamamoto
4800	Huckleberry Finn Monogatari	Q63952888	https://anilist.co/anime/4800	4800	ハックルベリー・フィン物語. 1994 anime by Aubeck
5131	Groizer X	Q63952888	https://anilist.co/anime/5131	5131	グロイザーＸ. 1976 anime
5273	Miracle Giants Dome-kun	Q100269041	https://anilist.co/anime/5273	5273	ミラクル・ジャイアンツ童夢くん. 1989 anime by Studio Gallop. Directed by Takashi Watanabe
5460	Detective Conan: The Raven Chaser	Q20650540	https://anilist.co/anime/5460	5460	名探偵コナン漆黒の追跡者(チェイサー). 2009 anime by TMS Entertainment. Directed by Yasuichirou Yamamoto
5924	The Sensualist	Q220898	https://anilist.co/anime/5924	5924	好色一代男. 1991 anime by Animation Staff Room and Aubeck. Directed by Yukio Abe
6399	Eden of the East: Falling Down	Q64100970	https://anilist.co/anime/6399	6399	東のエデン フォーリング・ダウン. 2009 anime by Production I.G
6467	Detective Conan: The Lost Ship in the Sky	Q20650540	https://anilist.co/anime/6467	6467	名探偵コナン 天空の難破船. 2010 anime by TMS Entertainment. Directed by Yasuichirou Yamamoto
6616	Coffee Samurai	Q202866	https://anilist.co/anime/6616	6616	무림 일검의 사생활. 2007 anime. Directed by Hyeong-Yoon Jang
7192	Superdimensional Romanesque Samy: Missing 99	Q220898	https://anilist.co/anime/7192	7192	超時空ロマネスク サミー ＭＩＳＳＩＮＧ・９９. 1986 anime by Aubeck
7449	Song of Pacusi	Q64100970	https://anilist.co/anime/7449	7449	パクシのうた. 1994 anime. Directed by Kouji Yamamura
8993	Juliet	Q220898	https://anilist.co/anime/8993	8993	ジュリエット. 1999 anime by Public & Basic and Ripple Film. Directed by Tsuneo Tominaga
9175	Tsuruhime Ja!	Q63952888	https://anilist.co/anime/9175	9175	つる姫じゃ～っ！. 1990 anime by Aubeck
9387	Ginga Hyouryuu Vifam: Katue kara no Tayori	Q220898	https://anilist.co/anime/9387	9387	銀河漂流バイファム カチュアからの便り. 1984 anime by Sunrise
9390	"Ginga Hyouryuu Vifam: ""Kate no Kioku"" - Namida no Dakkai Sakusen!!"	Q220898	https://anilist.co/anime/9390	9390	"銀河漂流バイファム ""ケイトの記憶"" 涙の奪回作戦!!. 1985 anime by Sunrise"
9650	DREAM C CLUB PURE SONGS CLIPS	Q64100970	https://anilist.co/anime/9650	9650	DREAM C CLUB PURE SONGS CLIPS. 2010 anime by project No.9. Directed by Sasa Fujisawa
9832	Katte ni Shirokuma	Q220898	https://anilist.co/anime/9832	9832	かってにシロクマ. 1987 anime by Artmic and AIC. Directed by Hiroshi Sasagawa
9963	Detective Conan: Quarter of Silence	Q20650540	https://anilist.co/anime/9963	9963	名探偵コナン 沈黙の15分. 2011 anime by TMS Entertainment. Directed by Koubun Shizuno
10639	ZAN	Q20650540	https://anilist.co/anime/10639	10639	斬 -ZAN-. anime by Anime R. Directed by Masashi Ikeda
10954	Toei Robot Girls	Q1047299	https://anilist.co/anime/10954	10954	東映ロボットガールズ. 2011 anime by Toei Animation. Directed by Hiroshi Ikehata
12117	Detective Conan: The Eleventh Striker	Q20650540	https://anilist.co/anime/12117	12117	劇場版 名探偵コナン 11人目のストライカー. 2012 anime by TMS Entertainment. Directed by Koubun Shizuno
12165	Niji no Kanata e! Shoujo Diana Monogatari	Q1107	https://anilist.co/anime/12165	12165	虹のかなたへ! 少女ダイアナ物語. 1986 anime by Aubeck
14735	Detective Conan: Private Eye in the Distant Sea	Q20650540	https://anilist.co/anime/14735	14735	名探偵コナン・絶海の探偵. 2013 anime by TMS Entertainment. Directed by Koubun Shizuno
16251	Shinkai no Kantai: Submarine 707	Q220898	https://anilist.co/anime/16251	16251	深海の艦隊 サブマリン707. 1997 anime by Knack Productions. Directed by Teruo Kogure
16385	Dog Days Season 3	Q100269041	https://anilist.co/anime/16385	16385	ドッグデイズ''. 2015 anime by Seven Arcs Pictures. Directed by Junji Nishimura
16798	Ddoli and Zeta Robot	Q202866	https://anilist.co/anime/16798	16798	똘이와 제타 로보트. 1985 anime
17505	Mushibugyo	Q63952888	https://anilist.co/anime/17505	17505	ムシブギョー. 2013 anime by Seven Arcs Pictures. Directed by Takayuki Hamana
17947	Magical Girl Lyrical Nanoha: Reflection	Q20650540	https://anilist.co/anime/17947	17947	魔法少女リリカルなのはReflection. 2017 anime by Seven Arcs Pictures. Directed by Takayuki Hamana
19705	Meitantei Hangyodon: Kaitou Lucius Arawaru no Maki	Q220898	https://anilist.co/anime/19705	19705	名探偵ハンギョドン 怪盗ルーズあらわるの巻. 1990 anime by Toshiba EMI. Directed by Mitsuo Mutsuki
19811	I wanna be!	Q1107	https://anilist.co/anime/19811	19811	わーなびっ.jk. 2013 anime by Studio DEEN. Directed by Tomoya Takahashi
20353	Gakkou no Yuurei	Q113687694	https://anilist.co/anime/20353	20353	学校の幽霊. 1995 anime by Aubeck, ACC Production and JCF
20542	Kamigami no Asobi	Q63952888	https://anilist.co/anime/20542	21563	神々の悪戯 ~Ludere deorum~. 2014 anime by Brain's Base. Directed by Tomoyuki Kawamura
20546	Detective Conan: Dimensional Sniper	Q20650540	https://anilist.co/anime/20546	21419	名探偵コナン 異次元の狙撃手（スナイパー）. 2014 anime by TMS Entertainment. Directed by Koubun Shizuno
20631	TRINITY SEVEN	Q100269041	https://anilist.co/anime/20631	25157	トリニティセブン. 2014 anime by Seven Arcs Pictures. Directed by Hiroshi Nishikiori
20847	TARI TARI: Kumottari Kagayaitari Mata Itsuka Utattari	Q1107	https://anilist.co/anime/20847	27419	TARI TARI 曇ったり 輝いたり またいつか歌ったり. 2014 anime by P.A.WORKS
20888	Ghost Stories SP	Q113687694	https://anilist.co/anime/20888	22053	学校の怪談 SP. 2005 anime by WAO World and Studio Ranmaru
20909	Mushibugyo OVA	Q113687694	https://anilist.co/anime/20909	24171	ムシブギョー OVA. 2014 anime by Seven Arcs Pictures
21064	Trinity Seven: Nanatsu no Taizai to Nana Madoushi	Q220898	https://anilist.co/anime/21064	28285	トリニティセブン 七つの大罪と七魔道士. 2015 anime by Seven Arcs Pictures
21164	Buta no Gotoki Sanzoku ni Torawarete Shojo wo Ubawareru Kyonyuu Himekishi & Onna Senshi: Zettai Chi●po Nanka ni Maketari Shinai!! THE ANIMATION	Q220898	https://anilist.co/anime/21164	28169	豚の如き山賊に捕らわれて処女を奪われる巨乳姫騎士&女戦士 ~絶対チ●ポなんかに負けたりしない!!~ THE ANIMATION. 2015 anime by Seven
21359	Ooya-san wa Shishunki!	Q63952888	https://anilist.co/anime/21359	31621	大家さんは思春期！. 2016 anime by Seven Arcs Pictures. Directed by Yuuki Ogawa
21470	Detective Conan: The Darkest Nightmare	Q20650540	https://anilist.co/anime/21470	32005	名探偵コナン 純黒の悪夢(ナイトメア). 2016 anime by TMS Entertainment. Directed by Koubun Shizuno
21605	Fuyu no Chikai, Natsu no Matsuri: Takeo no Ookusu	Q20650540	https://anilist.co/anime/21605	32397	冬の誓い 夏の祭り 武雄の大楠. 2016 anime by Seven Arcs and Seven Arcs Pictures. Directed by Junji Nishimura
21606	Yakusoku no Utsuwa: Arita no Hatsukoi	Q20650540	https://anilist.co/anime/21606		約束の器 有田の初恋. 2016 anime by Seven Arcs and Seven Arcs Pictures. Directed by Junji Nishimura
21616	Gakuen no Ikenie: Nagusami Mono to Kashita Kyonyuu Furyou Shoujo ~Hakudaku ni Okasareru Kasshoku & Daniku no Kyouen~ THE ANIMATION	Q220898	https://anilist.co/anime/21616	30658	学園の生贄――慰み者と化した巨乳不良少女～白濁に侵される褐色＆堕肉の狂宴～ THE ANIMATION. 2015 anime by Office Takeout
21618	Fuzzy Lips 0	Q220898	https://anilist.co/anime/21618	24987	フルエルクチビル fuzzy lips 0. 2014 anime by Studio 1st. Directed by Hideta Oota
21646	Detective Conan: Sunflowers of Inferno	Q20650540	https://anilist.co/anime/21646	28479	映画 名探偵コナン 業火の向日葵. 2015 anime by TMS Entertainment. Directed by Koubun Shizuno
21727	Aware! Meisaku-kun	Q100269041	https://anilist.co/anime/21727	32956	あはれ！名作くん. 2016 anime by Pie in the sky. Directed by Taketo Shinkai
21750	Majestic Prince: Genetic Awakening	Q20650540	https://anilist.co/anime/21750	33025	劇場版 銀河機攻隊 マジェスティックプリンス 覚醒の遺伝子. 2016 anime by Orange and Seven Arcs Pictures. Directed by Keitarou Motonaga
21871	ViVid Strike!	Q63952888	https://anilist.co/anime/21871	33589	ViVid Strike!. 2016 anime by Seven Arcs Pictures. Directed by Junji Nishimura
21872	Idol Memories	Q63952888	https://anilist.co/anime/21872	33572	アイドルメモリーズ. 2016 anime by Seven Arcs Pictures. Directed by Katsuya Kikuchi
21874	Trinity Seven: Eternal Library & Alchemic Girl	Q20650540	https://anilist.co/anime/21874	33581	劇場版 トリニティセブン -悠久図書館と錬金術少女-. 2017 anime by Seven Arcs Pictures. Directed by Hiroshi Nishikiori
87504	Dances with the Dragons	Q63952888	https://anilist.co/anime/87504	33889	されど罪人は竜と踊る. 2018 anime by Seven Arcs Pictures. Directed by Hirokazu Hanai
98153	Super Danganronpa 2.5 Komaeda Nagito to Sekai no Hakaisha	Q220898	https://anilist.co/anime/98153	34152	スーパーダンガンロンパ2.5 狛枝凪斗と世界の破壊者. 2017 anime by Lerche. Directed by Seiji Kishi
98220	ViVid Strike! OVA	Q113687694	https://anilist.co/anime/98220	34812	ViVid Strike! OVA. 2017 anime by Seven Arcs Pictures
98222	Detective Conan: The Crimson Love Letter	Q20650540	https://anilist.co/anime/98222	34430	名探偵コナンから紅の恋歌. 2017 anime by TMS Entertainment. Directed by Koubun Shizuno
98604	"Detective Conan: Episode ""ONE"""	Q1107	https://anilist.co/anime/98604	34036	"名探偵コナン エピソード""ONE"" 小さくなった名探偵. 2016 anime by TMS Entertainment. Directed by Yasuichirou Yamamoto"
98963	Fantasista Stella	Q113687694	https://anilist.co/anime/98963	24817	ファンタジスタ ステラ. 2014 anime by Xebec. Directed by Hideya Takahashi
99569	Basilisk: The Ouka Ninja Scrolls	Q100269041	https://anilist.co/anime/99569	35964	バジリスク ～桜花忍法帖～. 2018 anime by Seven Arcs Pictures. Directed by Junji Nishimura
99614	Magical Girl Lyrical Nanoha Detonation	Q20650540	https://anilist.co/anime/99614	35984	魔法少女リリカルなのは Detonation. 2018 anime by Seven Arcs Pictures. Directed by Takayuki Hamana
100653	Detective Conan: Zero the Enforcer	Q20650540	https://anilist.co/anime/100653	35798	名探偵コナン ゼロの執行人. 2018 anime by TMS Entertainment. Directed by Yuzuru Tachikawa
103631	Trinity Seven: Heavens Library & Crimson Lord	Q20650540	https://anilist.co/anime/103631	37986	劇場版トリニティセブン -天空図書館と真紅の魔王. 2019 anime by Seven Arcs Pictures. Directed by Hiroshi Nishikiori
104102	Bermuda Triangle ~ Colorful Pastorale	Q63952888	https://anilist.co/anime/104102	38199	バミューダトライアングル ～カラフル・パストラーレ～. 2019 anime by Seven Arcs Pictures. Directed by Junji Nishimura
105444	Old Man Goichi	Q20650540	https://anilist.co/anime/105444	35749	五一ぢいさん. 1931 anime. Directed by Sanae Yamamoto
105989	Ao-chan Can't Study!	Q63952888	https://anilist.co/anime/105989	38778	みだらな青ちゃんは勉強ができない. 2019 anime by SILVER LINK.. Directed by Keisuke Inoue
106206	Detective Conan: The Fist of Blue Sapphire	Q20650540	https://anilist.co/anime/106206	38770	名探偵コナン 紺青の拳（フィスト）. 2019 anime by TMS Entertainment. Directed by Chika Nagaoka
107138	WATATEN!: an Angel Flew Down to Me: You Never Let Us Down / Always Growing Closer / Let's Change You Into This! / I'm Your Big Sister	Q220898	https://anilist.co/anime/107138	38999	私に天使が舞い降りた！OVA. 2019 anime by Doga Kobo
108992	Mebius Dust	Q63952888	https://anilist.co/anime/108992	63802	メビウス・ダスト. 2026 anime by Doga Kobo. Directed by Tarou Iwasaki
111305	Sekaiichi Hatsukoi: Propose-hen	Q20650540	https://anilist.co/anime/111305	40314	世界一初恋~プロポーズ編~. 2020 anime. Directed by Tomoya Takahashi
111312	Crayon Shin-chan the Movie: Crash! Rakuga-Kingdom and Almost Four Heroes	Q20650540	https://anilist.co/anime/111312	40329	映画クレヨンしんちゃん 激突！ラクガキングダムとほぼ四人の勇者. 2020 anime by Shin-Ei Animation. Directed by Takahiko Kyougoku
113653	Detective Conan: The Scarlet Bullet	Q20650540	https://anilist.co/anime/113653	39764	名探偵コナン 緋色の弾丸. 2021 anime by TMS Entertainment. Directed by Chika Nagaoka
115082	The Magnificent Kotobuki: The Movie	Q20650540	https://anilist.co/anime/115082	41205	荒野のコトブキ飛行隊 完全版. 2020 anime by GEMBA. Directed by Tsutomu Mizushima
119846	Indie Anibox: Selma's Protein Coffee	Q202866	https://anilist.co/anime/119846	28235	인디애니박스: 셀마의 단백질 커피. 2008 anime by Studio Dadashow
119872	Chikatetsu ni Noru	Q1047299	https://anilist.co/anime/119872	36888	地下鉄に乗るっ. 2017 anime by GYORAI EIZOU. Directed by Toshiya Washida
122632	Saikyou Kamizmode!	Q113671041	https://anilist.co/anime/122632	42522	最響カミズモード！. 2020 anime by Bandai Namco Pictures. Directed by Mitsutoshi Satou
122758	Hi☆sCoool! SeHa Girl: Dai-54-Kai Hanpa Jano! Zenryoku de Guu! Youshou Suru no wa Only You! Subete no Gakkou Gyouji o Kako ni Suru! SeHaGaga Gakuen Taiikusai	Q220898	https://anilist.co/anime/122758	34323	Hi☆sCoool! セハガール: 第54回 ハンパじゃノー！全力でグー！優勝するのはオンリーユー！すべての学校行事を過去にする！セハガガ学園体育祭. 2016 anime by Sega Games. Directed by Souta Sugahara
123476	The Prince of Tennis II Hyotei vs. Rikkai Game of Future	Q113671041	https://anilist.co/anime/123476	41842	新テニスの王子様 氷帝vs立海 Game of Future. 2021 anime by Studio KAI and M.S.C. Directed by Keiichirou Kawaguchi
124114	KUNG FU MULAN	Q202866	https://anilist.co/anime/124114	42641	木兰：横空出世. 2020 anime by Gold Valley Films. Directed by Guanghua Liao
125264	Kaeru no Pickles: Kimochi no Iro	Q63952888	https://anilist.co/anime/125264	42717	かえるのピクルス -きもちのいろ-. 2020 anime. Directed by Shingo Asai
133904	Wu Liuqi Movie	Q202866	https://anilist.co/anime/133904		伍六七大电影. 2028 anime by Sharefun Studio
137667	Lord of Mysteries	Q1047299	https://anilist.co/anime/137667	49818	诡秘之主 小丑篇​. 2025 anime by B.CMAY PICTURES. Directed by Ke Xiong
138416	Blue Archive Anime PVs	Q1107	https://anilist.co/anime/138416	48824	ブルーアーカイブ アニメPVs. 2021 anime by Yostar Pictures, studio Stellation, STUDIO PPURI, Shanghai Phantom Animation and bees inc.
138511	Fate/kaleid liner Prisma☆Illya: FINALE	Q100269041	https://anilist.co/anime/138511	49703	Fate/kaleid liner プリズマ☆イリヤ FINALE. 2027 anime
140187	The Prince of Tennis II U-17 World Cup	Q100269041	https://anilist.co/anime/140187	50099	新テニスの王子様 U-17 WORLD CUP. 2022 anime by M.S.C and Studio KAI. Directed by Keiichirou Kawaguchi
140882	100 Years of Work in Japan	Q1047299	https://anilist.co/anime/140882	49668	"""働く""の100年史. 2021 anime by GYORAI EIZOU. Directed by Sou Ootsuki"
140955	Shi Wang Zhe A?	Q1047299	https://anilist.co/anime/140955	51405	​是王者啊？​. 2022 anime by Qiying Animation
141953	False Memory	Q1047299	https://anilist.co/anime/141953	60568	记忆管理局. 2026 anime by Studio Tumble and Flint Sugar. Directed by Wenyu Liu
142278	(Title to be Announced)		https://anilist.co/anime/142278		(Title to be Announced). anime
145016	Isekai Yarisaa	Q113687694	https://anilist.co/anime/145016	51217	異世界ヤリサー. 2022 anime by T-REX. Directed by Ken Raika
145759	Kochira Katsushikaku Kameari Kouenmae Hashutsujo Special: Uwasa no Kaipan Deka Toujou / Buchou yo! Are ga Paris no Hi da / Gekitotsu! Kami VS Ryoutsu	Q1107	https://anilist.co/anime/145759		こちら葛飾区亀有公園前派出所スペシャル 噂の海パン刑事登場／部長よ！あれがパリの灯だ／激突！神VS両津. 1997 anime
145781	Kochira Katsushikaku Kameari Kouenmae Hashutsujo Special: Seton Tankentai! Sumidagawa no Chikai - Omoide no Shiroi Kujira wo Sagase!	Q1107	https://anilist.co/anime/145781	33879	こちら葛飾区亀有公園前派出所スペシャル シートン探検隊！隅田川の誓い～思い出の白い鯨を探せ！. 2007 anime
150672	OSHI NO KO	Q100269041	https://anilist.co/anime/150672	52034	【推しの子】. 2023 anime by Doga Kobo. Directed by Daisuke Hiramaki
155170	Mama Katsu	Q113687694	https://anilist.co/anime/155170	53258	ママ喝っ. 2022 anime by Nur
156623	Shi Wang Zhe A? 2	Q1047299	https://anilist.co/anime/156623	56040	​是王者啊？ 第2季. 2023 anime by Lingsanwu Animation
156631	Sword Art Online: Integral Domain	Q20650540	https://anilist.co/anime/156631	53529	ソードアート・オンライン - インテグラル・ドメイン -. 2028 anime by A-1 Pictures and Psyde Kick Studio. Directed by Shingo Adachi
157330	Rakuen Tsuihou: Kokoro no Resonance	Q20650540	https://anilist.co/anime/157330	57961	楽園追放 心のレゾナンス. 2026 anime by Toei Animation. Directed by Seiji Mizushima
157347	Suki da	Q64100970	https://anilist.co/anime/157347	53645	好きだ. 2022 anime by Kenji Studio, GYORAI EIZOU, REGARO and Aquastar. Directed by Kazuaki Seki
162744	Ryuukyuu Timeline: Mirai Shoujo to Inishie no Ou	Q1047299	https://anilist.co/anime/162744	53860	琉球タイムライン -未来少女と古の王-. 2021 anime by GYORAI EIZOU
162745	Ryuukyuu Timeline 2: Tedako no Machi Tanbou	Q1047299	https://anilist.co/anime/162745	53861	琉球タイムライン2 -てだこのまち探訪-. 2022 anime by GYORAI EIZOU
165285	slash	Q64100970	https://anilist.co/anime/165285	55404	slash. 2023 anime by GYORAI EIZOU and SUPER SUPER. Directed by Atsushi Tani
166531	OSHI NO KO Season 2	Q100269041	https://anilist.co/anime/166531	55791	【推しの子】第2期. 2024 anime by Doga Kobo. Directed by Daisuke Hiramaki
167474	Mahou Touki Lilustear	Q113687694	https://anilist.co/anime/167474	56154	魔法闘姫リルスティア. 2023 anime by Majin petit
168873	Hello Kitty no Mahou no Mori no Ohime-sama	Q20650540	https://anilist.co/anime/168873	18827	ハローキティの魔法の森のお姫さま. 1991 anime by Grouper Production and Aubeck
169941	Yuusha-hime Milia	Q113687694	https://anilist.co/anime/169941	56905	勇者姫ミリア. 2023 anime by Majin petit
170130	Chillin' in Another World with Level 2 Super Cheat Powers	Q100269041	https://anilist.co/anime/170130	56923	Lv2からチートだった元勇者候補のまったり異世界ライフ. 2024 anime by J.C.STAFF. Directed by Yoshiaki Iwasaki
170599	Fleur The Animation	Q113687694	https://anilist.co/anime/170599	57044	フルール The Animation. 2024 anime by Studio 1st. Directed by Hideta Oota
170822	Mukuwarenakatta Murabito A, Kizoku ni Hirowarete Dekiai sareru Ue ni, Jitsu wa Motteita Densetsu-kyuu no Kami Skill mo Kakusei shita	Q63952888	https://anilist.co/anime/170822	57005	報われなかった村人A、貴族に拾われて溺愛される上に、実は持っていた伝説級の神スキルも覚醒した. anime by l-a-unch・BOX. Directed by Masahiko Komino
175250	Mugoku no Kuni no Alice	Q113687694	https://anilist.co/anime/175250	58641	夢獄の国のアリス. 2024 anime by Majin petit
176707	Boku ni Harem Sefure ga Dekita Riyuu	Q113687694	https://anilist.co/anime/176707	58732	僕にハーレムセフレが出来た理由. 2024 anime by T-REX. Directed by Ken Raika
177637	Goodbye, Lara	Q63952888	https://anilist.co/anime/177637	58878	さよならララ. 2026 anime by Kinema Citrus. Directed by Takushi Koide
178031	Delicious in Dungeon Season 2	Q1047299	https://anilist.co/anime/178031	59068	ダンジョン飯 第２期. 2027 anime by TRIGGER. Directed by Yoshihiro Miyajima
178869	Clevatess	Q100269041	https://anilist.co/anime/178869	59205	クレバテス-魔獣の王と赤子と屍の勇者-. 2025 anime by Lay-duce. Directed by Kiyotaka Taguchi
178972	GROTESQQQUE	Q20650540	https://anilist.co/anime/178972	59217	GROTESQQQUE -グロテスク-. 2026 anime by CloverWorks. Directed by Atsushi Nishigori
179722	Mecha Gishi Resta no Daibouken	Q113687694	https://anilist.co/anime/179722	59404	メカ技師リスタの大冒険. 2024 anime by Majin petit
179916	Ling Wu Dalu	Q1047299	https://anilist.co/anime/179916	59410	灵武大陆. 2024 anime by Soyep
180533	Bishoku-ka no Rule	Q113687694	https://anilist.co/anime/180533	59697	卑触家のルール. 2024 anime by Nur. Directed by Noji
180868	Cutta-kun Monogatari	Q20650540	https://anilist.co/anime/180868	21101	カッタ君物語. 1995 anime by Aubeck. Directed by Yasuhiro Matsumura
180894	Romelia War Chronicle	Q63952888	https://anilist.co/anime/180894	59787	ロメリア戦記 〜魔王を倒した後も人類やばそうだから軍隊組織した〜. 2026 anime by Atra
182104	IKUsei	Q113687694	https://anilist.co/anime/182104	60147	育精. 2024 anime by Suzuki Mirano petit
182551	Video Ehon-kan Nihon Otogibanashi	Q113687694	https://anilist.co/anime/182551	32716	ビデオえほん館 日本おとぎばなし. 1988 anime by Aubeck. Directed by Yuuji Yatabe
182587	OSHI NO KO Season 3	Q100269041	https://anilist.co/anime/182587	60058	【推しの子】第3期. 2026 anime by Doga Kobo. Directed by Daisuke Hiramaki
183272	BLADE & BASTARD	Q63952888	https://anilist.co/anime/183272	60152	ブレイド＆バスタード. 2027 anime by Xingfu
183602	Kanojo Face THE ANIMATION	Q113687694	https://anilist.co/anime/183602	60216	彼女フェイス THE ANIMATION. 2025 anime by Shion. Directed by Toshihiro Watase
183741	Nikuen	Q113687694	https://anilist.co/anime/183741	60470	肉園. 2025 anime
184762	Natsume's Book of Friends Season 7: The Outstretched Hand	Q1107	https://anilist.co/anime/184762	60302	夏目友人帳 漆 伸ばした手は. 2025 anime
184951	You and I Are Polar Opposites	Q100269041	https://anilist.co/anime/184951	60371	正反対な君と僕. 2026 anime by Lapin Track. Directed by Takayoshi Nagatomo
185189	Sukicchan! Karachu	Q64100970	https://anilist.co/anime/185189		すきっちゃん！からチュッ. 2024 anime by MAPPA. Directed by Yuutarou Kikuchi
185613	The Lord of the Rings: The War of the Rohirrim	Q20650540	https://anilist.co/anime/185613		ロード・オブ・ザ・リング／ローハンの戦い. 2024 anime by SOLA ANIMATION. Directed by Kenji Kamiyama
185692	Magilumiere Magical Girls Inc. Season 2	Q100269041	https://anilist.co/anime/185692	60552	株式会社マジルミエ 第2期. 2026 anime by J.C.STAFF. Directed by Toshinori Fukushima
186307	Notto Sexaroid Eurie!	Q113687694	https://anilist.co/anime/186307	60857	のっと・せくさろいど・エウリィ！. 2025 anime by Majin petit
186497	The Ramparts of Ice	Q100269041	https://anilist.co/anime/186497	60852	氷の城壁. 2026 anime by Studio KAI. Directed by Mankyuu
186741	Himekishi-sama no Himo	Q63952888	https://anilist.co/anime/186741	61015	姫騎士様のヒモ. 2027 anime by BLADE. Directed by Chihiro Kumano
186758	Lord of Infinite Realms	Q1047299	https://anilist.co/anime/186758	60233	万界主宰. 2024 anime
186822	The Guy She Was Interested In Wasn't a Guy At All	Q63952888	https://anilist.co/anime/186822	61035	気になってる人が男じゃなかった. 2027 anime by CloverWorks. Directed by Masashi Ishihama
186837	Tian Guan Ci Fu Duanpian	Q1047299	https://anilist.co/anime/186837	60988	天官賜福 短片. 2025 anime by Red Dog Culture House
187060	Jinghua Yuan	Q117467246	https://anilist.co/anime/187060	43808	镜花缘. 1991 anime by Shanghai Animation Film Studio. Directed by Zhaohong Hu
187361	Free Fire Daybreak		https://anilist.co/anime/187361	58849	Free Fire Daybreak. 2027 anime by studio CANDY BOX. Directed by Ken Takahashi
187924	Kono Subarashii Sekai ni Shukufuku wo! 4	Q100269041	https://anilist.co/anime/187924	61203	この素晴らしい世界に祝福を！4. 2027 anime by ENGI. Directed by Manabu Kurihara
187941	Reincarnated as a Dragon Hatchling	Q63952888	https://anilist.co/anime/187941	61207	転生したらドラゴンの卵だった～最強以外目指さねぇ～. 2026 anime by GA-CREW and Felix Film
188525	Draw This, Then Die!	Q63952888	https://anilist.co/anime/188525	61280	これ描いて死ね. 2026 anime by Shin-Ei Animation. Directed by Hiroaki Akagi
188889	Ma no Monotachi wa Kuwadateru	Q63952888	https://anilist.co/anime/188889	61301	魔のものたちは企てる. 2027 anime by TNK. Directed by Takuya Asaoka
188892	Kuroiwa Medaka ni Watashi no Kawaii ga Tsuujinai 2nd Season	Q100269041	https://anilist.co/anime/188892	61304	黒岩メダカに私の可愛いが通じない 第2期. 2027 anime by SynergySP. Directed by Yoshiaki Okumura
189796	Make Heroine ga Oosugiru! 2nd Season	Q100269041	https://anilist.co/anime/189796	61398	負けヒロインが多すぎる！第2期. anime by A-1 Pictures
191205	Easygoing Territory Defense by the Optimistic Lord	Q113671041	https://anilist.co/anime/191205	61549	お気楽領主の楽しい領地防衛～生産系魔術で名もなき村を最強の城塞都市に～. 2026 anime by NAZ. Directed by Tetsuya Tatamitani
191656	Seitokai ni mo Ana wa Aru!	Q63952888	https://anilist.co/anime/191656	61578	生徒会にも穴はある！. 2026 anime by Passione
191832	Link Click Season 3	Q1047299	https://anilist.co/anime/191832	61607	时光代理人 第三季. 2026 anime
192800	Heroine? Saint? No, I’m an All-Works Maid (And Proud of It)!	Q113671041	https://anilist.co/anime/192800	61686	ヒロイン？聖女？いいえ、オールワークスメイドです（誇）！. 2026 anime by EMT Squared. Directed by Naoya Murakawa
194209	Honkaku Lemon Anime: -196 (#ichikyuuroku)	Q113671041	https://anilist.co/anime/194209	62240	本格レモンアニメ -196（#イチキューロク）. 2025 anime. Directed by Naoki Matsuura
194213	ghost – end of night	Q20650540	https://anilist.co/anime/194213	61813	ghost／夜の果て. 2027 anime by MADHOUSE. Directed by Shingo Natsume
194829	From Old Country Bumpkin to Master Swordsman II	Q100269041	https://anilist.co/anime/194829	61897	片田舎のおっさん、剣聖になるII. 2026 anime by Hayabusa Film and Passione. Directed by Akio Kazumi
195448	Monogatari Series: Off & Monster Season Shin Episode		https://anilist.co/anime/195448	61968	〈物語〉シリーズ オフ&モンスターシーズン 新エピソード. 2026 anime by Shaft. Directed by Midori Yoshizawa
195539	Cyberpunk: Edgerunners 2	Q113671041	https://anilist.co/anime/195539	61990	サイバーパンク: エッジランナーズ2. 2026 anime by TRIGGER. Directed by Kai Ikarashi
195703	"99-kai Danzai sareta Loop Reijou desu ga Konse wa ""Chouzetsu Aisare Mode"" desu tte!? Shin no Chikara ni Mezamete Hajimaru 100-kaime no Jinsei"		https://anilist.co/anime/195703	62002	99回断罪されたループ令嬢ですが今世は「超絶愛されモード」ですって!? 〜真の力に目覚めて始まる100回目の人生〜. anime
195787	Fate Rewinder	Q63952888	https://anilist.co/anime/195787	62024	運命の巻戻士. 2027 anime by bones film. Directed by Rie Matsumoto
195833	Flaming Dodgeball Girl Danko	Q100269041	https://anilist.co/anime/195833	62031	炎の闘球女 ドッジ弾子. 2026 anime by CUE. Directed by Hiroshi Ikehata
195891	Celestial Above All	Q1047299	https://anilist.co/anime/195891	61929	凌天独尊. 2025 anime
196017	Grow Up Show	Q63952888	https://anilist.co/anime/196017	62051	グロウアップショウ ～ひまわりのサーカス団～. 2026 anime by A-1 Pictures and Psyde Kick Studio
196218	The Frontier Lord Begins with Zero Subjects	Q1047299	https://anilist.co/anime/196218	62078	領民0人スタートの辺境領主様. 2026 anime by animation studio42. Directed by Kenichi Imaizumi
196356	My Stepmother and Stepsisters Aren’t Wicked	Q63952888	https://anilist.co/anime/196356	62102	いびってこない義母と義姉. 2026 anime by NEWON
197094	Fate/Grand Order: You've Lost Ritsuka Fujimaru Season 3	Q113671041	https://anilist.co/anime/197094	62149	Fate/Grand Order 藤丸立香はわからない Season3. 2025 anime by DLE. Directed by Tsuchida
197095	Kaketa Tsuki no Mercedes	Q63952888	https://anilist.co/anime/197095	62188	欠けた月のメルセデス. 2027 anime by Teddy
197715	The Villager of Level 999	Q113671041	https://anilist.co/anime/197715	62322	LV999の村人. 2026 anime by Brain's Base. Directed by Yoshinobu Kasai
198369	Detective Conan: Fallen Angel of the Highway	Q20650540	https://anilist.co/anime/198369	62387	名探偵コナン ハイウェイの堕天使. 2026 anime by TMS Entertainment. Directed by Takahiro Hasui
198373	Assassination Classroom the Movie: Our Time	Q20650540	https://anilist.co/anime/198373	62421	暗殺教室 みんなの時間. 2026 anime by Lerche. Directed by Masaki Kitamura
198376	BanG Dream! YUME∞MITA	Q63952888	https://anilist.co/anime/198376	62430	バンドリ！ ゆめ∞みた. 2026 anime by NICHICALINE. Directed by Tomomi Umetsu
198702	Shi Wang Zhe A? 3	Q1047299	https://anilist.co/anime/198702	59225	是王者啊？ 第3季. 2024 anime by Shengying Animation
198720	Elegy for the Henchmen: Fist of the North Star	Q100269041	https://anilist.co/anime/198720	62987	北斗の拳 拳王軍ザコたちの挽歌. 2026 anime by Doraku. Directed by Daisuke Miura
199111	Grand Blue Dreaming Season 3	Q100269041	https://anilist.co/anime/199111	62542	ぐらんぶる Season 3. 2026 anime by Zero-G and Saber Works. Directed by Shinji Takamatsu
199185	Tate no Yuusha no Nariagari Season 5	Q100269041	https://anilist.co/anime/199185	62564	盾の勇者の成り上がり Season 5. 2027 anime by Kinema Citrus. Directed by Hitoshi Haga
199408	A Livid Lady’s Guide to Getting Even: How I Crushed My Homeland with My Mighty Grimoires	Q63952888	https://anilist.co/anime/199408	62289	ブチ切れ令嬢は報復を誓いました。 ～魔導書の力で祖国を叩き潰します～. 2026 anime by Studio Comet. Directed by Naoyuki Kuzuya
199418	Above Myriads	Q1047299	https://anilist.co/anime/199418	61642	万人之上. 2026 anime by BeiJing BoYiChuangWei Digital Media. Directed by Wei Wang
199433	White Snake: Afloat	Q202866	https://anilist.co/anime/199433	57801	白蛇3：浮生. 2024 anime by Light Chaser Animation
199547	MARRIAGETOXIN	Q100269041	https://anilist.co/anime/199547	62601	マリッジトキシン. 2026 anime by bones film. Directed by Motonobu Hori
199748	I Became a Legend After My 10 Year-Long Last Stand	Q113671041	https://anilist.co/anime/199748	62617	ここは俺に任せて先に行けと言ってから１０年がたったら伝説になっていた。. 2026 anime by Gekkou. Directed by Hiroyuki Kanbe
200230	Let's go KAIKIGUMI	Q63952888	https://anilist.co/anime/200230	62683	レッツゴー怪奇組. 2026 anime by C-Station
200637	The 100 Girlfriends Who Really, Really, Really, Really, REALLY Love You Season 3	Q100269041	https://anilist.co/anime/200637	62811	君のことが大大大大大好きな100人の彼女 第3期. 2026 anime by Bibury Animation Studios. Directed by Hikaru Satou
200927	Kusuriya no Hitorigoto 3rd Season Part 2	Q100269041	https://anilist.co/anime/200927	62841	薬屋のひとりごと 第3期 第2クール. 2027 anime by OLM
200929	Kusuriya no Hitorigoto: Bouhi no Hihou	Q20650540	https://anilist.co/anime/200929	62844	薬屋のひとりごと 亡妃の秘宝. 2026 anime by TOHO animation STUDIO. Directed by Norihiro Naganuma
202251	Kanchigai no Atelier Meister: Eiyuu Party no Moto Zatsuyougakari ga, Jitsu wa Sentou Igai ga SSS Rank Datta to Iu Yoku Aru Hanashi 2nd Season		https://anilist.co/anime/202251	62924	勘違いの工房主～英雄パーティの元雑用係が、実は戦闘以外がSSSランクだったというよくある話～第2期. anime
202282	Disney Twisted-Wonderland: THE ANIMATION - Season 2: EPISODE of SAVANACLAW	Q1047299	https://anilist.co/anime/202282	60348	ディズニー ツイステッドワンダーランド ザ アニメーション シーズン2「エピソード オブ サバナクロー」. 2026 anime by Yumeta Company and Graphinica. Directed by Shin Katagai
202896	Cheat Item Kanrikyoku no Oshigoto EX Sanzan Yarareta Ato Dashi Douse Zenbu Wasureru kara Higaisha Tsumamigui Shitemo Ii yo ne	Q1047299	https://anilist.co/anime/202896	64542	チートアイテム管理局のお仕事EX 散々ヤラれた後だし、どうせ全部忘れるから、被害者つまみ食いしてもいいよね. 2026 anime by Studio SUNHAN
203129	Akutou Ikka no Manamusume, Tensei-saki mo Otome Game no Gokudou Reijou deshita.: Saijoukyuu Ranku no Akuyaku-sama, Sono Dekiai wa Fuyou desu!	Q63952888	https://anilist.co/anime/203129		悪党一家の愛娘、転生先も乙女ゲームの極道令嬢でした。～最上級ランクの悪役さま、その溺愛は不要です！～. anime
203141	Everyday Host (Zoku-hen)		https://anilist.co/anime/203141	63035	えぶりでいホスト (続編). 2027 anime
203275	Devils' Crest	Q63952888	https://anilist.co/anime/203275		デモンズ・クレスト. 2026 anime by Production I.G. Directed by Kenichirou Komaya
203490	Please Excuse My Younger Brothers	Q63952888	https://anilist.co/anime/203490	63061	うちの弟どもがすみません. 2026 anime by Lay-duce. Directed by Hitoshi Nanba
203880	Dara-san of the Reiwa Era	Q63952888	https://anilist.co/anime/203880	63082	令和のダラさん. 2026 anime by Asahi Production. Directed by Masato Suzuki
204011	PSYREN	Q63952888	https://anilist.co/anime/204011	63098	PSYREN -サイレン-. 2026 anime by Satelight
204060	Iron Wok Jan!	Q63952888	https://anilist.co/anime/204060	63100	鉄鍋のジャン！. 2026 anime by TROYCA
204561	Mahou no Princess Minky Momo - Akogare no Yume he, Magokoro no Duo	Q220898	https://anilist.co/anime/204561	63167	魔法のプリンセス ミンキーモモ 憧れの夢へ まごころの二重奏（デュオ）. 2026 anime by Ashi Productions and Studio Live. Directed by Ayumu Watanabe
205116	Aware! Meisaku-kun (2026)	Q100269041	https://anilist.co/anime/205116	63219	あはれ！名作くん (2026). 2026 anime by Pie in the sky. Directed by Taketo Shinkai
205896	Shinja Zero no Megami-sama to Hajimeru Isekai Kouryaku	Q63952888	https://anilist.co/anime/205896	63292	信者ゼロの女神サマと始める異世界攻略. 2026 anime by HORNETS
206194	Slay The Gods 2	Q1047299	https://anilist.co/anime/206194	62234	斩神之凡尘神域 第2季. 2026 anime by Shenman Entertainment
206249	Recommendations from Iwamoto-Senpai	Q63952888	https://anilist.co/anime/206249	63324	岩元先輩ノ推薦. 2026 anime by Studio DEEN. Directed by Toshifumi Kawase
206521	The World Is Dancing	Q113671041	https://anilist.co/anime/206521	63347	ワールド イズ ダンシング. 2026 anime by Cypic. Directed by Toshimasa Kuroyanagi
206874	Guimi Zhi Zhu: Wu Mian Ren Pian	Q1047299	https://anilist.co/anime/206874	63632	诡秘之主 无面人篇​. 2027 anime by B.CMAY PICTURES
206888	Musasi-no A Bonus	Q1047299	https://anilist.co/anime/206888	62320	むさしの！ボーナス. 2025 anime by AlcedoAlcy and A-Real. Directed by Kanato Nakano
207254	Thunder 3	Q63952888	https://anilist.co/anime/207254	63418	サンダー３. 2026 anime by UNEND. Directed by Keisuke Ide
207328	The Eternal Fool's Words of Wisdom: A Pawsitively Fantastic Adventure	Q63952888	https://anilist.co/anime/207328	63424	悠久の愚者アズリーの、賢者のすゝめ. 2027 anime by Studio elle. Directed by Keisuke Oonishi
207329	"Tsuihou Sareta Cheat Fuyo Majutsushi wa Kimama na Second Life wo Ouka Suru.: Ore wa Buki dake ja Naku, Arayuru Mono ni ""Kyouka Point"" wo Fuyo Dekiru shi, Ore no Ishi de Itsudemo Kouka wo Kaijo Dekiru kedo, Nokotta Hitotachi Daijoubu?"	Q63952888	https://anilist.co/anime/207329	63431	追放されたチート付与魔術師は気ままなセカンドライフを謳歌する。 ～俺は武器だけじゃなく、あらゆるものに『強化ポイント』を付与できるし、俺の意思でいつでも効果を解除できるけど、残った人たち大丈夫？～. 2026 anime by P.A.WORKS. Directed by Shuu Honma
207414	Departure Song	Q64100970	https://anilist.co/anime/207414		たびだちのうた. 2026 anime. Directed by Hidane
207674	KAMUI ---He's behind you	Q63952888	https://anilist.co/anime/207674	63468	うしろの正面カムイさん. 2026 anime by Zero-G. Directed by Shou Tsukumo
207809	Red River	Q63952888	https://anilist.co/anime/207809	63489	天は赤い河のほとり. 2026 anime by Tatsunoko Production. Directed by Kousuke Kobayashi
208064	Tang Zhi's Strange Tales	Q1047299	https://anilist.co/anime/208064	63427	汤直志异. 2026 anime by Panda Tower Studio. Directed by Peini Hong
208685	My Classmate’s a Sexy Actress, and Now We Live Together?!	Q113671041	https://anilist.co/anime/208685	63619	同じゼミの染谷さんがセクシー女優だった話。. 2026 anime by Studio Houkiboshi
209463	Kanata Kara	Q63952888	https://anilist.co/anime/209463	63753	彼方から. 2026 anime by Studio DEEN. Directed by Noriyuki Abe
209661	Magical Buffs: The Support Caster is Stronger Than He Realized!	Q63952888	https://anilist.co/anime/209661	63763	雑用付与術師が自分の最強に気付くまで. 2027 anime by J.C.STAFF. Directed by Hideki Okamoto
209669	Hana-Kimi Season 2	Q113671041	https://anilist.co/anime/209669	63780	花ざかりの君たちへ 第2期. 2026 anime by Signal.MD
209762	Mayonaka Heart Tune 2nd Season	Q100269041	https://anilist.co/anime/209762	63789	真夜中ハートチューン 第2期. 2027 anime
209961	SHIBOYUGI: Playing Death Games to Put Food on the Table 44: CLOUDY BEACH	Q20650540	https://anilist.co/anime/209961	63819	死亡遊戯で飯を食う。44:CLOUDY BEACH. 2026 anime by Studio DEEN. Directed by Souta Ueno
209983	HELL MODE: The Hardcore Gamer Dominates in Another World with Garbage Balancing Season 2	Q100269041	https://anilist.co/anime/209983	63817	ヘルモード ～やり込み好きのゲーマーは廃設定の異世界で無双する～ 2nd Season. 2026 anime by Yokohama Animation Lab. Directed by Makoto Tamagawa
210031	You and I Are Polar Opposites Season 2	Q100269041	https://anilist.co/anime/210031	63832	正反対な君と僕 第2期. 2026 anime by Lapin Track. Directed by Takayoshi Nagatomo
210482	STEEL BALL RUN JoJo's Bizarre Adventure 2nd - 3rd STAGE	Q113671041	https://anilist.co/anime/210482	61469	ジョジョの奇妙な冒険 スティール・ボール・ラン 2nd - 3rd STAGE. 2026 anime by david production. Directed by Hideya Takahashi
211220	Raised by Demons: Panda Li	Q1047299	https://anilist.co/anime/211220	63987	李熊猫. 2026 anime by GARDEN. Directed by Xin Wang
212319	NIKKE Outpost: Off-Duty Tales	Q113671041	https://anilist.co/anime/212319	64217	にけにち！のんのん前哨基地. 2026 anime
212517	Iolite	Q64100970	https://anilist.co/anime/212517	62885	アイオライト. 2025 anime. Directed by Havtza
212518	Muteki☆Honki da Survivor!	Q64100970	https://anilist.co/anime/212518	62947	無敵☆本気だサバイバー！. 2025 anime. Directed by Takumi Ichikawa
212519	Natsu no Owari	Q64100970	https://anilist.co/anime/212519		夏の終わり. 2025 anime. Directed by Haruyoshi Nagae
212539	Takopii no Genzai: Arigatou, Mata Ashita	Q20650540	https://anilist.co/anime/212539	64266	タコピーの原罪 -ありがとう、また明日-. anime by ENISHIYA. Directed by Shinya Iino
212555	Danzaisareta Akuyaku Reijou wa, Gyakkoushite Kanpeki na Akujo wo Mezasu		https://anilist.co/anime/212555	63813	断罪された悪役令嬢は、逆行して完璧な悪女を目指す. anime
212557	Looney Tunes Gokko	Q63952888	https://anilist.co/anime/212557	64079	るーにー・てゅーんずごっこ. 2026 anime by Fanworks and Studio Nanahoshi
212563	Isekai Office Worker: The Other World's Books Depend on the Bean Counter - I Let My Thoughts Wander	Q220898	https://anilist.co/anime/212563	63503	異世界の沙汰は社畜次第 思いを馳せました. 2026 anime by Studio DEEN
212566	Kansuke-san to Fushigi na Jitensha	Q20650540	https://anilist.co/anime/212566	23727	かんすけさんとふしぎな自転車. 1997 anime. Directed by Toshio Hirata
212567	Monogatari: Flanders no Inu	Q220898	https://anilist.co/anime/212567		物語 フランダースの犬. 1988 anime
212568	Mamiko’s Poop	Q20650540	https://anilist.co/anime/212568		マミ子のウン子. 2025 anime. Directed by Yasuteru Oono
212574	Pure x Holic: Junketsu Otome to Kon’in Kankei!? The Animation	Q113687694	https://anilist.co/anime/212574	64292	ピュアホリック ～純潔乙女と婚姻カンケイ！？～ The Animation. 2026 anime by Seven. Directed by Hideki Araki
212575	Sare Tsuma wa Ubawaretai	Q220898	https://anilist.co/anime/212575	64291	サレ妻は奪われたい. 2026 anime by Nur
212617	Inaka ni wa Kore Kurai Shika Goraku ga nai	Q220898	https://anilist.co/anime/212617	64373	田舎にはこれくらいしか娯楽がない. 2026 anime by T-REX
212618	Dorohedoro Season 3		https://anilist.co/anime/212618	64290	ドロヘドロ Season 3. anime by MAPPA
212652	Kidou Keisatsu Patlabor EZY File 2	Q113687694	https://anilist.co/anime/212652		機動警察パトレイバー EZY File 2. 2026 anime by J.C.STAFF. Directed by Yutaka Izubuchi
212653	Kidou Keisatsu Patlabor EZY File 3	Q113687694	https://anilist.co/anime/212653		機動警察パトレイバー EZY File 3. 2027 anime by J.C.STAFF. Directed by Yutaka Izubuchi
212667	Hitozukiai ga Nigate na Miboujin no Yukionna-san to Noroi no Yubiwa	Q63952888	https://anilist.co/anime/212667	64298	人付き合いが苦手な未亡人の雪女さんと呪いの指輪. 2026 anime by Studio Houkiboshi. Directed by Kazuomi Koga